Time,Displacement,Force,Strain 1
(s),(mm),(kN),(%)
0,0,0.0001,-0.0002
0.1,0.0043,0.014,-0.0027
0.2,0.0119,0.0236,-0.0104
0.3,0.0193,0.0348,-0.014
0.4,0.0267,0.0371,-0.0155
0.5,0.0342,0.0403,-0.017
0.6,0.0417,0.0435,-0.0177
0.7,0.0493,0.0451,-0.0181
0.8,0.0567,0.0468,-0.0184
0.9,0.0642,0.0496,-0.0182
1,0.0718,0.0505,-0.0175
1.1,0.0793,0.051,-0.0166
1.2,0.0868,0.0514,-0.0157
1.3,0.0942,0.0525,-0.0154
1.4,0.1016,0.053,-0.0147
1.5,0.1092,0.0537,-0.0135
1.6,0.1166,0.0561,-0.013
1.7,0.1241,0.0585,-0.0117
1.8,0.1317,0.0602,-0.01
1.9,0.1392,0.0613,-0.0077
2,0.1467,0.0625,-0.0058
2.1,0.1541,0.0635,-0.0038
2.2,0.1616,0.0654,-0.0028
2.3,0.1693,0.0685,-0.0004
2.4,0.1767,0.0713,0.0018
2.5,0.1842,0.0727,0.0043
2.6,0.1918,0.0745,0.0065
2.7,0.1993,0.0764,0.0092
2.8,0.2067,0.079,0.0122
2.9,0.2142,0.0825,0.0154
3,0.2217,0.0868,0.0189
3.1,0.2292,0.0907,0.0236
3.2,0.2367,0.0951,0.0276
3.3,0.2441,0.1026,0.0325
3.4,0.2517,0.113,0.0384
3.5,0.2592,0.1257,0.0449
3.6,0.2667,0.1366,0.0537
3.7,0.2742,0.151,0.0641
3.8,0.2817,0.1812,0.0742
3.9,0.2893,0.2236,0.0837
4,0.2967,0.2698,0.0921
4.1,0.3041,0.3124,0.0998
4.2,0.3117,0.3542,0.1063
4.3,0.3192,0.3963,0.1118
4.4,0.3267,0.4362,0.1166
4.5,0.3341,0.474,0.1207
4.6,0.3416,0.5111,0.1238
4.7,0.3492,0.5477,0.1258
4.8,0.3567,0.5806,0.1288
4.9,0.3641,0.6119,0.1302
5,0.3717,0.6411,0.1327
5.1,0.3792,0.6691,0.1331
5.2,0.3867,0.6959,0.1342
5.3,0.3942,0.7209,0.1349
5.4,0.4017,0.7456,0.1352
5.5,0.4093,0.7707,0.1353
5.6,0.4168,0.7937,0.1357
5.7,0.4242,0.8162,0.1353
5.8,0.4318,0.8388,0.1355
5.9,0.4392,0.8608,0.1357
6,0.4467,0.8831,0.1358
6.1,0.4542,0.905,0.1353
6.2,0.4617,0.9269,0.135
6.3,0.4692,0.9494,0.1342
6.4,0.4766,0.9719,0.1336
6.5,0.4841,0.9953,0.1324
6.6,0.4917,1.0194,0.1322
6.7,0.4992,1.0431,0.1314
6.8,0.5067,1.0676,0.1311
6.9,0.5142,1.0914,0.1304
7,0.5217,1.1159,0.13
7.1,0.5293,1.1407,0.1291
7.2,0.5367,1.1645,0.1285
7.3,0.5441,1.1881,0.127
7.4,0.5518,1.2126,0.1265
7.5,0.5592,1.2362,0.1255
7.6,0.5666,1.2609,0.1253
7.7,0.5741,1.2855,0.125
7.8,0.5816,1.3119,0.1243
7.9,0.5892,1.338,0.1243
8,0.5967,1.3647,0.1232
8.1,0.6041,1.391,0.1229
8.2,0.6118,1.4212,0.1219
8.3,0.6193,1.4508,0.1219
8.4,0.6267,1.4824,0.121
8.5,0.6342,1.5134,0.1212
8.6,0.6417,1.5468,0.1213
8.7,0.6493,1.5802,0.1216
8.8,0.6567,1.6133,0.1213
8.9,0.6641,1.6468,0.121
9,0.6717,1.6837,0.1204
9.1,0.6792,1.7184,0.1198
9.2,0.6867,1.7549,0.1199
9.3,0.6941,1.791,0.1195
9.4,0.7017,1.8299,0.1197
9.5,0.7092,1.8688,0.1196
9.6,0.7166,1.9082,0.1198
9.7,0.7241,1.9488,0.1195
9.8,0.7318,1.9915,0.12
9.9,0.7393,2.0323,0.1192
10,0.7467,2.0745,0.1192
10.1,0.7542,2.1168,0.1188
10.2,0.7617,2.1609,0.1186
10.3,0.7692,2.2052,0.119
10.4,0.7767,2.2494,0.119
10.5,0.7841,2.2934,0.1196
10.6,0.7917,2.3426,0.1191
10.7,0.7992,2.3883,0.119
10.8,0.8066,2.4353,0.1189
10.9,0.8141,2.4825,0.1187
11,0.8217,2.5328,0.1183
11.1,0.8292,2.5823,0.1183
11.2,0.8367,2.6318,0.1181
11.3,0.8441,2.682,0.1185
11.4,0.8518,2.7361,0.1186
11.5,0.8593,2.7865,0.119
11.6,0.8667,2.8378,0.1178
11.7,0.8742,2.8902,0.1185
11.8,0.8817,2.9446,0.1178
11.9,0.8892,2.9984,0.1184
12,0.8967,3.0516,0.1183
12.1,0.9041,3.1051,0.1184
12.2,0.9117,3.1627,0.1189
12.3,0.9192,3.2173,0.1188
12.4,0.9266,3.2727,0.1192
12.5,0.9342,3.33,0.1187
12.6,0.9417,3.3881,0.1186
12.7,0.9492,3.4465,0.1187
12.8,0.9567,3.5046,0.1193
12.9,0.9641,3.5638,0.119
13,0.9717,3.6264,0.1193
13.1,0.9793,3.6864,0.1198
13.2,0.9867,3.7463,0.1198
13.3,0.9942,3.8075,0.12
13.4,1.0017,3.8694,0.1196
13.5,1.0091,3.9322,0.1199
13.6,1.0166,3.9944,0.1199
13.7,1.0241,4.0575,0.12
13.8,1.0317,4.1243,0.1204
13.9,1.0392,4.1885,0.1206
14,1.0466,4.2529,0.1211
14.1,1.0542,4.3203,0.1212
14.2,1.0617,4.3877,0.1214
14.3,1.0692,4.4558,0.1214
14.4,1.0767,4.5223,0.1213
14.5,1.0842,4.5904,0.1214
14.6,1.0917,4.6608,0.1219
14.7,1.0992,4.7294,0.1221
14.8,1.1066,4.798,0.1227
14.9,1.1142,4.8699,0.1226
15,1.1217,4.9405,0.1226
15.1,1.1292,5.012,0.1233
15.2,1.1366,5.0815,0.1228
15.3,1.1441,5.1532,0.1233
15.4,1.1517,5.2278,0.1236
15.5,1.1592,5.3001,0.1236
15.6,1.1666,5.3716,0.1244
15.7,1.1743,5.4476,0.1249
15.8,1.1817,5.5205,0.1248
15.9,1.1892,5.5958,0.1249
16,1.1967,5.6704,0.1249
16.1,1.2042,5.7469,0.1254
16.2,1.2118,5.8241,0.1253
16.3,1.2193,5.8989,0.1259
16.4,1.2266,5.9727,0.1258
16.5,1.2342,6.0519,0.1268
16.6,1.2416,6.1286,0.1274
16.7,1.2491,6.2061,0.1271
16.8,1.2566,6.2828,0.1266
16.9,1.2642,6.3614,0.1271
17,1.2717,6.4407,0.1278
17.1,1.2792,6.5192,0.1275
17.2,1.2866,6.5968,0.1283
17.3,1.2942,6.6791,0.1288
17.4,1.3017,6.7582,0.1295
17.5,1.3092,6.8386,0.1298
17.6,1.3167,6.9189,0.1297
17.7,1.3242,7.0002,0.1297
17.8,1.3317,7.0822,0.1304
17.9,1.3392,7.164,0.1302
18,1.3466,7.2426,0.1309
18.1,1.3542,7.327,0.1317
18.2,1.3616,7.4077,0.1324
18.3,1.3691,7.49,0.1321
18.4,1.3766,7.5726,0.1328
18.5,1.3841,7.6577,0.1326
18.6,1.3917,7.7425,0.1333
18.7,1.3992,7.8259,0.1334
18.8,1.4066,7.9073,0.1345
18.9,1.4142,7.9954,0.1348
19,1.4217,8.08,0.1355
19.1,1.4292,8.1658,0.136
19.2,1.4367,8.2509,0.1361
19.3,1.4442,8.3358,0.1366
19.4,1.4517,8.4216,0.1368
19.5,1.4592,8.5082,0.1378
19.6,1.4666,8.5928,0.1382
19.7,1.4742,8.6808,0.139
19.8,1.4816,8.7668,0.14
19.9,1.4891,8.854,0.1403
20,1.4967,8.9419,0.1407
20.1,1.5041,9.0299,0.1407
20.2,1.5117,9.1192,0.1414
20.3,1.5193,9.2083,0.1423
20.4,1.5267,9.2944,0.1437
20.5,1.5343,9.3842,0.1443
20.6,1.5416,9.4715,0.1454
20.7,1.5491,9.5607,0.1459
20.8,1.5567,9.6505,0.1462
20.9,1.5642,9.7393,0.1467
21,1.5716,9.8281,0.1475
21.1,1.5792,9.9182,0.148
21.2,1.5866,10.0059,0.149
21.3,1.5941,10.0978,0.1501
21.4,1.6016,10.1875,0.1507
21.5,1.6091,10.2771,0.1517
21.6,1.6167,10.3694,0.1525
21.7,1.6242,10.4597,0.153
21.8,1.6316,10.551,0.1538
21.9,1.6392,10.6438,0.1546
22,1.6467,10.7345,0.1559
22.1,1.6542,10.8282,0.157
22.2,1.6617,10.9179,0.1578
22.3,1.6691,11.0089,0.1588
22.4,1.6767,11.1027,0.1598
22.5,1.6841,11.1945,0.1605
22.6,1.6916,11.2869,0.1605
22.7,1.6992,11.3802,0.1621
22.8,1.7067,11.4715,0.1637
22.9,1.7141,11.5649,0.1646
23,1.7215,11.6575,0.1655
23.1,1.7291,11.7521,0.1663
23.2,1.7367,11.849,0.1677
23.3,1.7442,11.941,0.1685
23.4,1.7517,12.0335,0.1694
23.5,1.7592,12.1281,0.1704
23.6,1.7667,12.2229,0.1714
23.7,1.7742,12.3185,0.1732
23.8,1.7816,12.4105,0.1749
23.9,1.7891,12.5034,0.1747
24,1.7967,12.6007,0.1763
24.1,1.8041,12.6936,0.1775
24.2,1.8115,12.7876,0.1785
24.3,1.8192,12.8845,0.1796
24.4,1.8267,12.9803,0.1805
24.5,1.8342,13.0752,0.1822
24.6,1.8416,13.1678,0.1836
24.7,1.8491,13.2631,0.1848
24.8,1.8567,13.3637,0.1859
24.9,1.8642,13.4598,0.1867
25,1.8716,13.5545,0.1881
25.1,1.8793,13.6524,0.1892
25.2,1.8868,13.7478,0.1901
25.3,1.8942,13.8428,0.1918
25.4,1.9015,13.9367,0.1932
25.5,1.909,14.0329,0.1944
25.6,1.9167,14.1339,0.1959
25.7,1.9242,14.2293,0.1971
25.8,1.9316,14.3231,0.1978
25.9,1.9391,14.4204,0.1994
26,1.9466,14.5187,0.2001
26.1,1.9541,14.6162,0.2016
26.2,1.9616,14.7119,0.2033
26.3,1.9691,14.8094,0.205
26.4,1.9768,14.9096,0.2058
26.5,1.9842,15.0053,0.2072
26.6,1.9916,15.101,0.2081
26.7,1.9992,15.2013,0.2092
26.8,2.0068,15.2991,0.2105
26.9,2.0142,15.3953,0.2123
27,2.0216,15.49,0.2144
27.1,2.0291,15.5858,0.2149
27.2,2.0367,15.6867,0.2165
27.3,2.0441,15.7835,0.2173
27.4,2.0515,15.8797,0.2185
27.5,2.0592,15.9804,0.2196
27.6,2.0667,16.0774,0.2218
27.7,2.0742,16.1737,0.2222
27.8,2.0816,16.2708,0.2242
27.9,2.0891,16.3693,0.2257
28,2.0968,16.4699,0.2269
28.1,2.1042,16.5651,0.2282
28.2,2.1116,16.6597,0.2295
28.3,2.1192,16.7603,0.2304
28.4,2.1267,16.857,0.2321
28.5,2.1341,16.9529,0.2334
28.6,2.1416,17.0498,0.2346
28.7,2.1491,17.1475,0.236
28.8,2.1567,17.2469,0.2375
28.9,2.164,17.3411,0.2382
29,2.1715,17.4373,0.2403
29.1,2.1792,17.539,0.2413
29.2,2.1867,17.6365,0.2422
29.3,2.1942,17.7328,0.244
29.4,2.2017,17.8281,0.2454
29.5,2.2091,17.9256,0.2473
29.6,2.2167,18.0247,0.2484
29.7,2.2242,18.1206,0.2492
29.8,2.2316,18.2142,0.2509
29.9,2.2393,18.3143,0.2524
30,2.2467,18.4084,0.2538
30.1,2.2541,18.5007,0.2553
30.2,2.2615,18.5953,0.2569
30.3,2.2691,18.6932,0.2589
30.4,2.2767,18.7914,0.2607
30.5,2.2842,18.8828,0.2614
30.6,2.2916,18.9748,0.2628
30.7,2.2992,19.0731,0.2642
30.8,2.3067,19.1676,0.2658
30.9,2.3141,19.2598,0.2678
31,2.3217,19.3524,0.2693
31.1,2.3293,19.4481,0.2715
31.2,2.3367,19.5396,0.2731
31.3,2.3441,19.6287,0.2746
31.4,2.3515,19.7184,0.2759
31.5,2.3592,19.8162,0.2778
31.6,2.3667,19.9053,0.2793
31.7,2.3741,19.9916,0.2815
31.8,2.3816,20.0783,0.2835
31.9,2.3891,20.1688,0.2855
32,2.3966,20.2591,0.2872
32.1,2.4041,20.3449,0.2889
32.2,2.4116,20.4304,0.291
32.3,2.4193,20.5212,0.2928
32.4,2.4268,20.6038,0.295
32.5,2.4341,20.6835,0.2972
32.6,2.4416,20.7663,0.2998
32.7,2.4492,20.8488,0.3022
32.8,2.4567,20.9284,0.3048
32.9,2.4641,21.0043,0.3072
33,2.4715,21.0775,0.3092
33.1,2.4792,21.1579,0.3116
33.2,2.4866,21.2302,0.3147
33.3,2.494,21.3002,0.3173
33.4,2.5016,21.3708,0.3211
33.5,2.5092,21.4419,0.3243
33.6,2.5167,21.5078,0.3265
33.7,2.5241,21.5694,0.3301
33.8,2.5316,21.631,0.333
33.9,2.5393,21.6963,0.3362
34,2.5468,21.751,0.34
34.1,2.5542,21.8021,0.3438
34.2,2.5617,21.8536,0.348
34.3,2.5692,21.9057,0.3521
34.4,2.5767,21.952,0.3566
34.5,2.5841,21.9937,0.3614
34.6,2.5916,22.034,0.3659
34.7,2.5993,22.0782,0.3714
34.8,2.6067,22.1128,0.3773
34.9,2.614,22.1452,0.3834
35,2.6216,22.1795,0.3903
35.1,2.6292,22.2128,0.3973
35.2,2.6367,22.2407,0.4039
35.3,2.6442,22.2637,0.4116
35.4,2.6517,22.2863,0.4194
35.5,2.6593,22.3147,0.4278
35.6,2.6668,22.3343,0.4367
35.7,2.6742,22.35,0.4463
35.8,2.6817,22.3678,0.4561
35.9,2.6893,22.3851,0.4658
36,2.6967,22.398,0.4756
36.1,2.7041,22.4085,0.4853
36.2,2.7116,22.4216,0.4958
36.3,2.7193,22.4367,0.5061
36.4,2.7267,22.4428,0.5171
36.5,2.7341,22.4496,0.5279
36.6,2.7417,22.46,0.5385
36.7,2.7492,22.4705,0.5477
36.8,2.7567,22.4782,0.5575
36.9,2.7642,22.4825,0.5666
37,2.7718,22.4887,0.5754
37.1,2.7794,22.4978,0.5849
37.2,2.7868,22.499,0.5939
37.3,2.7941,22.5013,0.6029
37.4,2.8017,22.5104,0.6128
37.5,2.8092,22.5158,0.6218
37.6,2.8167,22.518,0.6307
37.7,2.8241,22.5191,0.6394
37.8,2.8316,22.5243,0.6491
37.9,2.8392,22.5321,0.658
38,2.8467,22.5343,0.6676
38.1,2.8541,22.536,0.6769
38.2,2.8618,22.5434,0.6869
38.3,2.8693,22.548,0.6961
38.4,2.8767,22.5502,0.7051
38.5,2.8841,22.5529,0.7144
38.6,2.8917,22.5596,0.7237
38.7,2.8993,22.5675,0.7334
38.8,2.9068,22.568,0.7427
38.9,2.9142,22.5676,0.7529
39,2.9218,22.5744,0.7627
39.1,2.9291,22.5781,0.7724
39.2,2.9366,22.5827,0.7819
39.3,2.9442,22.5861,0.7916
39.4,2.9518,22.5914,0.8007
39.5,2.9593,22.5966,0.8105
39.6,2.9667,22.5973,0.8201
39.7,2.9741,22.6008,0.8306
39.8,2.9818,22.6103,0.841
39.9,2.9893,22.6139,0.8503
40,2.9967,22.6166,0.8599
40.1,3.0042,22.6197,0.8698
40.2,3.0117,22.6263,0.8796
40.3,3.0192,22.6335,0.889
40.4,3.0267,22.6352,0.8993
40.5,3.0342,22.6364,0.9097
40.6,3.0418,22.6451,0.92
40.7,3.0492,22.647,0.9301
40.8,3.0566,22.6495,0.94
40.9,3.0642,22.654,0.95
41,3.0718,22.661,0.9598
41.1,3.0793,22.6665,0.97
41.2,3.0868,22.6683,0.9806
41.3,3.0942,22.67,0.991
41.4,3.1018,22.6797,1.0012
41.5,3.1092,22.6839,1.0112
41.6,3.1166,22.6866,1.0216
41.7,3.1243,22.6912,1.0313
41.8,3.1318,22.697,1.0417
41.9,3.1392,22.7008,1.0523
42,3.1467,22.7027,1.0631
42.1,3.1541,22.7051,1.0735
42.2,3.1618,22.7142,1.0841
42.3,3.1692,22.7164,1.094
42.4,3.1767,22.7195,1.1046
42.5,3.1842,22.7233,1.1151
42.6,3.1917,22.7288,1.1257
42.7,3.1991,22.7336,1.1357
42.8,3.2067,22.7383,1.1471
42.9,3.2142,22.7401,1.158
43,3.2219,22.7476,1.1686
43.1,3.2292,22.7492,1.1786
43.2,3.2366,22.7521,1.1888
43.3,3.2442,22.7574,1.1994
43.4,3.2517,22.7639,1.21
43.5,3.2592,22.7658,1.2212
43.6,3.2667,22.7683,1.2318
43.7,3.2742,22.7706,1.2424
43.8,3.2817,22.7789,1.2533
43.9,3.2891,22.7803,1.2635
44,3.2966,22.7837,1.2742
44.1,3.3043,22.79,1.2849
44.2,3.3118,22.7945,1.2954
44.3,3.3192,22.7969,1.3061
44.4,3.3267,22.8011,1.3175
44.5,3.3342,22.8054,1.3284
44.6,3.3418,22.8131,1.339
44.7,3.3492,22.8132,1.349
44.8,3.3567,22.8151,1.3595
44.9,3.3643,22.8213,1.3706
45,3.3717,22.8261,1.3807
45.1,3.3791,22.8291,1.3918
45.2,3.3867,22.8318,1.4034
45.3,3.3942,22.8356,1.4137
45.4,3.4018,22.8414,1.4244
45.5,3.4091,22.8415,1.4349
45.6,3.4166,22.8463,1.4448
45.7,3.4243,22.8545,1.4557
45.8,3.4318,22.8588,1.4667
45.9,3.4392,22.86,1.4776
46,3.4468,22.8639,1.4885
46.1,3.4543,22.868,1.4993
46.2,3.4618,22.8739,1.5092
46.3,3.4691,22.874,1.5196
46.4,3.4766,22.8781,1.5296
46.5,3.4843,22.8863,1.5404
46.6,3.4918,22.8892,1.5508
46.7,3.4991,22.889,1.5617
46.8,3.5066,22.8931,1.5723
46.9,3.5142,22.8998,1.5827
47,3.5218,22.9061,1.5925
47.1,3.5292,22.9059,1.603
47.2,3.5367,22.9082,1.6131
47.3,3.5443,22.9171,1.6239
47.4,3.5517,22.9206,1.6345
47.5,3.5591,22.9229,1.6448
47.6,3.5667,22.9281,1.6552
47.7,3.5743,22.9317,1.6651
47.8,3.5817,22.9367,1.6753
47.9,3.5891,22.9373,1.6849
48,3.5966,22.9411,1.6958
48.1,3.6043,22.9509,1.7067
48.2,3.6118,22.9534,1.7183
48.3,3.6191,22.9528,1.7293
48.4,3.6267,22.956,1.7393
48.5,3.6343,22.962,1.75
48.6,3.6417,22.9677,1.7599
48.7,3.6491,22.9695,1.7705
48.8,3.6567,22.9737,1.7805
48.9,3.6644,22.9816,1.7911
49,3.6718,22.9829,1.8019
49.1,3.6791,22.9838,1.8117
49.2,3.6867,22.9901,1.8221
49.3,3.6943,22.997,1.8316
49.4,3.7018,22.9997,1.8412
49.5,3.7092,22.9982,1.8512
49.6,3.7166,22.9997,1.8616
49.7,3.7242,23.0088,1.8717
49.8,3.7316,23.0123,1.882
49.9,3.739,23.0131,1.8919
50,3.7467,23.0191,1.9019
50.1,3.7543,23.0245,1.9115
50.2,3.7617,23.0264,1.9214
50.3,3.7691,23.0275,1.9312
50.4,3.7766,23.0336,1.9415
50.5,3.7843,23.0421,1.9525
50.6,3.7917,23.043,1.9622
50.7,3.7992,23.0438,1.9726
50.8,3.8068,23.049,1.9831
50.9,3.8142,23.0523,1.9939
51,3.8216,23.0564,2.0049
51.1,3.8291,23.0583,2.0153
51.2,3.8367,23.0617,2.0257
51.3,3.8443,23.0685,2.0349
51.4,3.8517,23.0692,2.0446
51.5,3.8591,23.0694,2.0539
51.6,3.8668,23.0777,2.0638
51.7,3.8743,23.0819,2.0736
51.8,3.8818,23.0847,2.0826
51.9,3.8893,23.0861,2.0933
52,3.8968,23.0897,2.1033
52.1,3.9043,23.0959,2.1127
52.2,3.9116,23.0967,2.1219
52.3,3.919,23.0979,2.1315
52.4,3.9268,23.1065,2.1411
52.5,3.9343,23.1083,2.1505
52.6,3.9417,23.1086,2.1607
52.7,3.9491,23.109,2.1711
52.8,3.9566,23.1153,2.18
52.9,3.9642,23.122,2.1903
53,3.9717,23.122,2.1998
53.1,3.9792,23.1239,2.2097
53.2,3.9868,23.1306,2.2199
53.3,3.9943,23.1331,2.2296
53.4,4.0016,23.1344,2.2402
53.5,4.0092,23.1364,2.2519
53.6,4.0168,23.1425,2.2619
53.7,4.0243,23.1475,2.2718
53.8,4.0317,23.1474,2.2815
53.9,4.0391,23.1468,2.2916
54,4.0468,23.1552,2.302
54.1,4.0542,23.157,2.3114
54.2,4.0616,23.1578,2.3214
54.3,4.0691,23.1592,2.3315
54.4,4.0767,23.1652,2.3416
54.5,4.0842,23.1696,2.351
54.6,4.0916,23.1697,2.361
54.7,4.099,23.1713,2.3711
54.8,4.1068,23.1812,2.3814
54.9,4.1144,23.183,2.3917
55,4.1217,23.1819,2.4016
55.1,4.1292,23.1835,2.4112
55.2,4.1368,23.1908,2.421
55.3,4.1443,23.1956,2.4309
55.4,4.1518,23.1934,2.4409
55.5,4.1592,23.1931,2.4507
55.6,4.1668,23.2008,2.4606
55.7,4.1742,23.201,2.4707
55.8,4.1816,23.2016,2.4806
55.9,4.1891,23.2044,2.4902
56,4.1968,23.2105,2.5002
56.1,4.2043,23.2134,2.5103
56.2,4.2117,23.213,2.5202
56.3,4.2191,23.2138,2.5302
56.4,4.2268,23.2234,2.5408
56.5,4.2343,23.2245,2.5513
56.6,4.2417,23.2247,2.5613
56.7,4.2493,23.2261,2.5712
56.8,4.2568,23.2303,2.5806
56.9,4.2641,23.2324,2.5905
57,4.2716,23.2335,2.5998
57.1,4.2791,23.235,2.6105
57.2,4.2868,23.2422,2.6208
57.3,4.2942,23.2412,2.6307
57.4,4.3016,23.2404,2.6405
57.5,4.3091,23.2443,2.6498
57.6,4.3167,23.2512,2.66
57.7,4.3242,23.254,2.6695
57.8,4.3317,23.2532,2.6804
57.9,4.3392,23.2537,2.6906
58,4.3468,23.2623,2.7008
58.1,4.3542,23.262,2.7101
58.2,4.3616,23.2617,2.72
58.3,4.3692,23.2651,2.7298
58.4,4.3768,23.2688,2.7395
58.5,4.3842,23.2696,2.7497
58.6,4.3916,23.2692,2.7602
58.7,4.3991,23.2719,2.7707
58.8,4.4068,23.2796,2.7811
58.9,4.4142,23.2773,2.7913
59,4.4216,23.2767,2.801
59.1,4.4293,23.2804,2.8113
59.2,4.4368,23.2849,2.8216
59.3,4.4441,23.2855,2.8317
59.4,4.4516,23.2876,2.8421
59.5,4.4592,23.2903,2.8526
59.6,4.4668,23.296,2.8635
59.7,4.4743,23.2948,2.8733
59.8,4.4816,23.2939,2.8835
59.9,4.4892,23.2981,2.894
60,4.4967,23.3015,2.9045
60.1,4.5042,23.3015,2.9155
60.2,4.5117,23.3014,2.9254
60.3,4.5192,23.3034,2.936
60.4,4.5268,23.3094,2.9469
60.5,4.5342,23.308,2.9567
60.6,4.5416,23.3072,2.9664
60.7,4.5493,23.3132,2.9767
60.8,4.5568,23.317,2.9872
60.9,4.5642,23.3159,2.9988
61,4.5717,23.3173,3.0098
61.1,4.5792,23.3209,3.0209
61.2,4.5868,23.3261,3.0317
61.3,4.5942,23.3236,3.0419
61.4,4.6016,23.3223,3.0526
61.5,4.6092,23.3268,3.0634
61.6,4.6167,23.3288,3.0741
61.7,4.6241,23.3287,3.0849
61.8,4.6316,23.3292,3.0951
61.9,4.6392,23.3334,3.106
62,4.6468,23.3375,3.1158
62.1,4.6542,23.3348,3.1265
62.2,4.6616,23.334,3.137
62.3,4.6693,23.3421,3.1478
62.4,4.6768,23.3438,3.1591
62.5,4.6843,23.344,3.1694
62.6,4.6918,23.3436,3.18
62.7,4.6993,23.3458,3.1906
62.8,4.7067,23.3486,3.2002
62.9,4.7142,23.3474,3.2104
63,4.7216,23.3466,3.2213
63.1,4.7293,23.354,3.2323
63.2,4.7368,23.3535,3.2431
63.3,4.7441,23.3515,3.2541
63.4,4.7516,23.3522,3.2648
63.5,4.7592,23.3558,3.2748
63.6,4.7667,23.3594,3.2853
63.7,4.7742,23.3595,3.2958
63.8,4.7817,23.3583,3.3065
63.9,4.7893,23.3642,3.3173
64,4.7967,23.3642,3.3276
64.1,4.8041,23.363,3.3375
64.2,4.8117,23.3657,3.3483
64.3,4.8193,23.3693,3.3593
64.4,4.8268,23.3712,3.369
64.5,4.8342,23.3677,3.3799
64.6,4.8416,23.3661,3.3911
64.7,4.8492,23.3722,3.4023
64.8,4.8567,23.3712,3.4126
64.9,4.8642,23.3709,3.4233
65,4.8718,23.3712,3.4337
65.1,4.8792,23.3713,3.4441
65.2,4.8866,23.3726,3.4544
65.3,4.8942,23.3739,3.465
65.4,4.9017,23.3751,3.4764
65.5,4.9094,23.3822,3.4873
65.6,4.9168,23.3818,3.4976
65.7,4.9241,23.3792,3.5077
65.8,4.9316,23.3824,3.5184
65.9,4.9392,23.3864,3.5286
66,4.9467,23.3877,3.5394
66.1,4.9542,23.3871,3.5505
66.2,4.9617,23.3862,3.5619
66.3,4.9693,23.3907,3.5723
66.4,4.9766,23.3886,3.5823
66.5,4.9841,23.3889,3.5924
66.6,4.9917,23.3927,3.6031
66.7,4.9993,23.3953,3.6136
66.8,5.0067,23.3953,3.6241
66.9,5.0142,23.3952,3.6351
67,5.0217,23.3957,3.6466
67.1,5.0293,23.4011,3.657
67.2,5.0367,23.3986,3.6673
67.3,5.0442,23.398,3.6777
67.4,5.0518,23.4014,3.6885
67.5,5.0592,23.4019,3.7003
67.6,5.0665,23.4008,3.7112
67.7,5.0741,23.4017,3.7226
67.8,5.0817,23.4025,3.7334
67.9,5.0893,23.4064,3.7438
68,5.0967,23.4036,3.7551
68.1,5.1041,23.4036,3.7659
68.2,5.1118,23.4074,3.7769
68.3,5.1192,23.408,3.788
68.4,5.1266,23.4069,3.7985
68.5,5.1343,23.4102,3.8095
68.6,5.1419,23.4119,3.8202
68.7,5.1494,23.4132,3.8306
68.8,5.1567,23.4103,3.8408
68.9,5.1641,23.4092,3.852
69,5.1718,23.4143,3.8633
69.1,5.1793,23.4142,3.8741
69.2,5.1866,23.4114,3.8841
69.3,5.1942,23.4116,3.8949
69.4,5.2017,23.414,3.9057
69.5,5.2092,23.4164,3.9155
69.6,5.2166,23.4149,3.9266
69.7,5.2242,23.4158,3.9374
69.8,5.2319,23.4198,3.9484
69.9,5.2393,23.4195,3.9586
70,5.2466,23.4171,3.9686
70.1,5.2542,23.4199,3.9791
70.2,5.2618,23.4219,3.9901
70.3,5.2693,23.4226,4.0004
70.4,5.2767,23.4189,4.0111
70.5,5.2841,23.4184,4.0211
70.6,5.2917,23.4235,4.0318
70.7,5.2991,23.4228,4.042
70.8,5.3066,23.421,4.0522
70.9,5.3142,23.4224,4.0634
71,5.3218,23.4245,4.0744
71.1,5.3292,23.4254,4.0853
71.2,5.3366,23.4236,4.0957
71.3,5.3441,23.4249,4.106
71.4,5.3519,23.4305,4.1163
71.5,5.3593,23.4291,4.1265
71.6,5.3667,23.4257,4.1371
71.7,5.3743,23.4272,4.1482
71.8,5.3818,23.4298,4.1592
71.9,5.3892,23.429,4.1692
72,5.3966,23.4261,4.1794
72.1,5.4041,23.4265,4.19
72.2,5.4118,23.431,4.2006
72.3,5.4192,23.4284,4.2112
72.4,5.4265,23.4271,4.2211
72.5,5.4342,23.4308,4.2323
72.6,5.4418,23.4322,4.2433
72.7,5.4493,23.432,4.2537
72.8,5.4567,23.4294,4.2641
72.9,5.4642,23.4299,4.2741
73,5.4718,23.4348,4.2839
73.1,5.4792,23.4334,4.2943
73.2,5.4866,23.431,4.3057
73.3,5.4943,23.4343,4.3167
73.4,5.5018,23.4345,4.3272
73.5,5.5092,23.433,4.3377
73.6,5.5166,23.4304,4.3475
73.7,5.5241,23.4326,4.3577
73.8,5.5318,23.437,4.3688
73.9,5.5391,23.4331,4.3799
74,5.5465,23.4312,4.3908
74.1,5.5542,23.4355,4.4013
74.2,5.5618,23.4376,4.4112
74.3,5.5692,23.4365,4.422
74.4,5.5767,23.4345,4.4329
74.5,5.5843,23.4361,4.4438
74.6,5.5918,23.4385,4.4542
74.7,5.5992,23.4356,4.4652
74.8,5.6065,23.4333,4.4755
74.9,5.6143,23.4401,4.4864
75,5.6218,23.4385,4.4964
75.1,5.6292,23.436,4.5074
75.2,5.6366,23.4342,4.5181
75.3,5.6442,23.4362,4.5285
75.4,5.6518,23.4396,4.5402
75.5,5.6592,23.4357,4.5509
75.6,5.6666,23.433,4.5604
75.7,5.6743,23.4393,4.5713
75.8,5.6818,23.4388,4.5822
75.9,5.6891,23.4357,4.593
76,5.6966,23.4366,4.6037
76.1,5.7043,23.441,4.6145
76.2,5.7118,23.442,4.6261
76.3,5.7192,23.4378,4.6374
76.4,5.7266,23.4344,4.6472
76.5,5.7343,23.4401,4.6581
76.6,5.7417,23.4388,4.6692
76.7,5.7491,23.4363,4.6802
76.8,5.7566,23.4355,4.6912
76.9,5.7643,23.4399,4.7018
77,5.7718,23.441,4.7134
77.1,5.7792,23.4362,4.7238
77.2,5.7865,23.4335,4.735
77.3,5.7943,23.4411,4.7463
77.4,5.8018,23.4415,4.7572
77.5,5.8093,23.4392,4.7675
77.6,5.8167,23.4364,4.7795
77.7,5.8243,23.44,4.7907
77.8,5.8317,23.4402,4.8017
77.9,5.8391,23.4373,4.8128
78,5.8466,23.4351,4.8237
78.1,5.8544,23.4412,4.8349
78.2,5.8618,23.4376,4.8461
78.3,5.8691,23.4336,4.8576
78.4,5.8766,23.4345,4.8687
78.5,5.8842,23.4391,4.8797
78.6,5.8918,23.4408,4.8907
78.7,5.8992,23.4374,4.9021
78.8,5.9067,23.4353,4.9139
78.9,5.9144,23.4402,4.9249
79,5.9217,23.4382,4.9359
79.1,5.9291,23.4358,4.9471
79.2,5.9367,23.4362,4.9583
79.3,5.9443,23.4392,4.9696
79.4,5.9517,23.4375,4.9805
79.5,5.9591,23.4326,4.9915
79.6,5.9665,23.432,5.0034
79.7,5.9742,23.4401,5.0148
79.8,5.9817,23.4373,5.0263
79.9,5.9892,23.4343,5.0369
80,5.9967,23.4342,5.0482
80.1,6.0043,23.4373,5.0596
80.2,6.0117,23.437,5.0705
80.3,6.0192,23.4348,5.082
80.4,6.0267,23.4337,5.0939
80.5,6.0344,23.4396,5.1051
80.6,6.0418,23.4365,5.1163
80.7,6.0491,23.4332,5.1273
80.8,6.0567,23.4344,5.1383
80.9,6.0642,23.4363,5.1498
81,6.0717,23.4347,5.161
81.1,6.0791,23.4315,5.1731
81.2,6.0866,23.4311,5.1838
81.3,6.0943,23.4365,5.194
81.4,6.1017,23.4329,5.2062
81.5,6.1091,23.4297,5.2174
81.6,6.1167,23.4321,5.2294
81.7,6.1243,23.434,5.2411
81.8,6.1318,23.4324,5.2519
81.9,6.1392,23.4292,5.2632
82,6.1466,23.4303,5.2744
82.1,6.1543,23.4356,5.2862
82.2,6.1617,23.4322,5.298
82.3,6.1692,23.4288,5.3091
82.4,6.1768,23.4309,5.3212
82.5,6.1842,23.4307,5.3329
82.6,6.1916,23.4292,5.3447
82.7,6.1991,23.4274,5.3559
82.8,6.2067,23.4282,5.3666
82.9,6.2143,23.4307,5.3781
83,6.2217,23.4272,5.3896
83.1,6.2291,23.4242,5.4011
83.2,6.2368,23.4295,5.4126
83.3,6.2443,23.4297,5.424
83.4,6.2517,23.4272,5.4351
83.5,6.2592,23.4262,5.4464
83.6,6.2668,23.4272,5.4574
83.7,6.2743,23.4297,5.4686
83.8,6.2817,23.4267,5.4799
83.9,6.2891,23.4235,5.4916
84,6.2968,23.4263,5.5034
84.1,6.3042,23.4252,5.514
84.2,6.3116,23.422,5.5248
84.3,6.3191,23.4214,5.5365
84.4,6.3267,23.4235,5.5478
84.5,6.3342,23.425,5.5596
84.6,6.3417,23.4218,5.5707
84.7,6.3492,23.4194,5.5831
84.8,6.3569,23.4234,5.5938
84.9,6.3642,23.422,5.6048
85,6.3717,23.4205,5.6159
85.1,6.3792,23.4202,5.6277
85.2,6.3868,23.4217,5.6391
85.3,6.3943,23.4216,5.651
85.4,6.4017,23.4178,5.6623
85.5,6.4091,23.4143,5.6735
85.6,6.4168,23.4208,5.6841
85.7,6.4242,23.418,5.6955
85.8,6.4317,23.4161,5.7074
85.9,6.4392,23.4148,5.7188
86,6.4468,23.4156,5.731
86.1,6.4542,23.4155,5.7428
86.2,6.4617,23.4146,5.7539
86.3,6.4691,23.4125,5.765
86.4,6.4768,23.4172,5.7767
86.5,6.4842,23.4144,5.7877
86.6,6.4916,23.4129,5.7992
86.7,6.4992,23.4129,5.8115
86.8,6.5067,23.4146,5.8234
86.9,6.5142,23.4142,5.8348
87,6.5217,23.4113,5.8463
87.1,6.5291,23.4086,5.8582
87.2,6.5368,23.4116,5.8694
87.3,6.5441,23.41,5.8814
87.4,6.5516,23.4086,5.8937
87.5,6.5593,23.4084,5.9066
87.6,6.5668,23.4093,5.9174
87.7,6.5742,23.4075,5.9293
87.8,6.5818,23.4063,5.9406
87.9,6.5892,23.4034,5.9525
88,6.5968,23.4094,5.9641
88.1,6.6042,23.4061,5.9767
88.2,6.6116,23.4024,5.9889
88.3,6.6192,23.4037,6.0009
88.4,6.6267,23.4051,6.0125
88.5,6.6342,23.404,6.0241
88.6,6.6417,23.4017,6.0356
88.7,6.6492,23.4,6.0471
88.8,6.6568,23.4028,6.06
88.9,6.6641,23.3976,6.0721
89,6.6716,23.3961,6.0836
89.1,6.6792,23.3983,6.0959
89.2,6.6867,23.4004,6.1081
89.3,6.6942,23.3989,6.1198
89.4,6.7018,23.3989,6.1317
89.5,6.7093,23.3961,6.1438
89.6,6.7168,23.3986,6.1565
89.7,6.7241,23.395,6.1687
89.8,6.7316,23.394,6.1806
89.9,6.7393,23.3971,6.1924
90,6.7468,23.3959,6.2042
90.1,6.7542,23.3921,6.216
90.2,6.7617,23.3901,6.2288
90.3,6.7692,23.39,6.2412
90.4,6.7768,23.3928,6.2539
90.5,6.7842,23.3888,6.2665
90.6,6.7917,23.3877,6.2786
90.7,6.7993,23.3899,6.2904
90.8,6.8067,23.3892,6.3023
90.9,6.8141,23.3867,6.3152
91,6.8217,23.3875,6.3281
91.1,6.8293,23.3881,6.3414
91.2,6.8369,23.3883,6.3534
91.3,6.8442,23.3831,6.3652
91.4,6.8516,23.3807,6.3775
91.5,6.8592,23.3845,6.3901
91.6,6.8667,23.3833,6.4023
91.7,6.8741,23.3803,6.415
91.8,6.8817,23.3802,6.4285
91.9,6.8893,23.3799,6.4406
92,6.8967,23.3799,6.4527
92.1,6.9041,23.3757,6.4649
92.2,6.9116,23.3752,6.4776
92.3,6.9193,23.3804,6.4904
92.4,6.9268,23.3785,6.5032
92.5,6.9342,23.3743,6.5162
92.6,6.9417,23.3741,6.5292
92.7,6.9492,23.3757,6.5419
92.8,6.9567,23.3759,6.5541
92.9,6.9642,23.3722,6.5668
93,6.9716,23.3697,6.5798
93.1,6.9793,23.3734,6.5932
93.2,6.9866,23.3704,6.6063
93.3,6.994,23.3672,6.6194
93.4,7.0016,23.367,6.6322
93.5,7.0092,23.3683,6.6449
93.6,7.0167,23.3682,6.657
93.7,7.0241,23.3643,6.6698
93.8,7.0316,23.3638,6.6822
93.9,7.0393,23.3684,6.6954
94,7.0468,23.3655,6.7079
94.1,7.0541,23.3616,6.7194
94.2,7.0618,23.3621,6.732
94.3,7.0693,23.3631,6.744
94.4,7.0767,23.3619,6.7562
94.5,7.0841,23.3583,6.7693
94.6,7.0917,23.3568,6.7822
94.7,7.0993,23.3597,6.7941
94.8,7.1067,23.356,6.8058
94.9,7.1141,23.352,6.8182
95,7.1217,23.3542,6.8303
95.1,7.1293,23.3561,6.843
95.2,7.1367,23.3549,6.856
95.3,7.1442,23.3506,6.869
95.4,7.1517,23.3496,6.8814
95.5,7.1593,23.3537,6.894
95.6,7.1667,23.3511,6.9059
95.7,7.1741,23.3474,6.9183
95.8,7.1817,23.3494,6.9311
95.9,7.1893,23.3492,6.944
96,7.1967,23.3459,6.9569
96.1,7.2041,23.3424,6.9687
96.2,7.2116,23.3425,6.9808
96.3,7.2192,23.3458,6.9929
96.4,7.2267,23.3428,7.005
96.5,7.2341,23.3385,7.0183
96.6,7.2418,23.3414,7.0314
96.7,7.2493,23.3408,7.044
96.8,7.2567,23.339,7.0561
96.9,7.2642,23.3376,7.0699
97,7.2717,23.3377,7.0824
97.1,7.2794,23.3404,7.0958
97.2,7.2868,23.3354,7.1088
97.3,7.2941,23.3305,7.1217
97.4,7.3018,23.3347,7.1348
97.5,7.3093,23.3338,7.1474
97.6,7.3167,23.3295,7.1602
97.7,7.3241,23.3259,7.1727
97.8,7.3317,23.3273,7.1851
97.9,7.3393,23.3291,7.1989
98,7.3466,23.3247,7.212
98.1,7.3541,23.3229,7.2243
98.2,7.3618,23.3277,7.2369
98.3,7.3694,23.3256,7.2493
98.4,7.3767,23.3215,7.2619
98.5,7.3842,23.3195,7.2751
98.6,7.3917,23.3222,7.288
98.7,7.3993,23.3234,7.3012
98.8,7.4067,23.3183,7.3139
98.9,7.4141,23.314,7.326
99,7.4218,23.3176,7.3383
99.1,7.4292,23.3155,7.3513
99.2,7.4366,23.3117,7.3642
99.3,7.4441,23.3106,7.3778
99.4,7.4518,23.3135,7.3905
99.5,7.4593,23.3125,7.4033
99.6,7.4666,23.3067,7.4154
99.7,7.474,23.3038,7.4278
99.8,7.4818,23.3105,7.4405
99.9,7.4893,23.3089,7.4539
100,7.4967,23.3058,7.4668
100.1,7.5042,23.3044,7.4799
100.2,7.5118,23.3053,7.4928
100.3,7.5193,23.3046,7.5055
100.4,7.5266,23.2986,7.5177
100.5,7.5341,23.296,7.5312
100.6,7.5418,23.302,7.5438
100.7,7.5493,23.2972,7.5573
100.8,7.5566,23.2917,7.5702
100.9,7.5641,23.2914,7.5827
101,7.5717,23.2946,7.5954
101.1,7.5793,23.2948,7.6084
101.2,7.5867,23.29,7.6213
101.3,7.5942,23.2872,7.6349
101.4,7.6018,23.2915,7.6476
101.5,7.6092,23.2883,7.6608
101.6,7.6166,23.2858,7.6731
101.7,7.6242,23.2863,7.6858
101.8,7.6319,23.2875,7.6987
101.9,7.6393,23.2847,7.7115
102,7.6467,23.2785,7.7249
102.1,7.654,23.2753,7.7378
102.2,7.6617,23.2816,7.751
102.3,7.6692,23.2787,7.7638
102.4,7.6766,23.2739,7.7763
102.5,7.6842,23.2734,7.7896
102.6,7.6917,23.2746,7.8026
102.7,7.6992,23.2732,7.8165
102.8,7.7066,23.2711,7.83
102.9,7.7142,23.2698,7.8431
103,7.7219,23.2736,7.8555
103.1,7.7293,23.2695,7.8694
103.2,7.7367,23.2639,7.8817
103.3,7.7442,23.2639,7.8952
103.4,7.7517,23.264,7.9089
103.5,7.7591,23.2625,7.9223
103.6,7.7666,23.2602,7.9355
103.7,7.7742,23.2579,7.9491
103.8,7.7818,23.2607,7.9624
103.9,7.7892,23.2553,7.9757
104,7.7966,23.2516,7.9897
104.1,7.8042,23.2537,8.0039
104.2,7.8118,23.2545,8.0175
104.3,7.8193,23.2526,8.0305
104.4,7.8267,23.2484,8.0436
104.5,7.8342,23.2472,8.0568
104.6,7.8418,23.2502,8.0707
104.7,7.8492,23.2468,8.0844
104.8,7.8567,23.2427,8.0984
104.9,7.8643,23.2427,8.1119
105,7.8717,23.2414,8.125
105.1,7.8791,23.2378,8.1375
105.2,7.8866,23.2366,8.1509
105.3,7.8941,23.2362,8.165
105.4,7.9018,23.2376,8.1785
105.5,7.9092,23.2334,8.1928
105.6,7.9166,23.2289,8.2062
105.7,7.9242,23.2308,8.2193
105.8,7.9317,23.2312,8.2323
105.9,7.9392,23.2287,8.2457
106,7.9467,23.2261,8.26
106.1,7.9543,23.2255,8.2735
106.2,7.9618,23.2266,8.2872
106.3,7.9692,23.222,8.3008
106.4,7.9766,23.2177,8.3137
106.5,7.9843,23.2209,8.3268
106.6,7.9917,23.2179,8.3407
106.7,7.9992,23.2136,8.3541
106.8,8.0067,23.2106,8.3682
106.9,8.0142,23.2107,8.3815
107,8.0217,23.2121,8.3945
107.1,8.0292,23.2083,8.408
107.2,8.0366,23.2051,8.4211
107.3,8.0444,23.2079,8.435
107.4,8.0518,23.2056,8.4488
107.5,8.0592,23.2014,8.4625
107.6,8.0667,23.1998,8.476
107.7,8.0743,23.2011,8.4891
107.8,8.0818,23.2,8.5023
107.9,8.0893,23.1957,8.5158
108,8.0966,23.1905,8.5294
108.1,8.1043,23.1935,8.5442
108.2,8.1117,23.19,8.5577
108.3,8.1191,23.1864,8.5713
108.4,8.1267,23.1846,8.5845
108.5,8.1342,23.1847,8.5978
108.6,8.1416,23.1832,8.6115
108.7,8.1491,23.1813,8.6253
108.8,8.1566,23.1786,8.6399
108.9,8.1643,23.1818,8.6539
109,8.1718,23.1781,8.6672
109.1,8.1792,23.1739,8.6807
109.2,8.1867,23.1723,8.6939
109.3,8.1942,23.1726,8.7078
109.4,8.2017,23.1716,8.7217
109.5,8.2092,23.1669,8.7365
109.6,8.2166,23.1624,8.7502
109.7,8.2243,23.1641,8.7637
109.8,8.2316,23.1594,8.7772
109.9,8.2391,23.1572,8.7908
110,8.2467,23.1581,8.8049
110.1,8.2543,23.158,8.8187
110.2,8.2617,23.1543,8.8331
110.3,8.2693,23.1516,8.8469
110.4,8.2767,23.1478,8.8606
110.5,8.2843,23.1511,8.8742
110.6,8.2917,23.1476,8.8879
110.7,8.2992,23.1438,8.902
110.8,8.3068,23.143,8.9169
110.9,8.3143,23.1407,8.9309
111,8.3216,23.1366,8.9449
111.1,8.3291,23.1349,8.9581
111.2,8.3367,23.133,8.9723
111.3,8.3443,23.1339,8.9862
111.4,8.3517,23.1281,9.0007
111.5,8.3591,23.1242,9.0153
111.6,8.3667,23.1248,9.0294
111.7,8.3742,23.1249,9.0433
111.8,8.3817,23.1222,9.0571
111.9,8.3893,23.1199,9.0714
112,8.3968,23.1168,9.0858
112.1,8.4043,23.1174,9.1002
112.2,8.4116,23.1115,9.1155
112.3,8.4191,23.1093,9.1301
112.4,8.4268,23.1107,9.1442
112.5,8.4343,23.1087,9.1588
112.6,8.4417,23.1037,9.1731
112.7,8.4492,23.0995,9.1885
112.8,8.4567,23.0971,9.2031
112.9,8.4642,23.0991,9.2183
113,8.4716,23.0937,9.2326
113.1,8.4791,23.091,9.2471
113.2,8.4868,23.0921,9.2618
113.3,8.4943,23.0887,9.2761
113.4,8.5016,23.0841,9.2908
113.5,8.5092,23.0831,9.3064
113.6,8.5168,23.0828,9.3209
113.7,8.5244,23.0825,9.3351
113.8,8.5317,23.0756,9.3496
113.9,8.5391,23.0701,9.364
114,8.5467,23.0718,9.3785
114.1,8.5542,23.0689,9.3934
114.2,8.5616,23.0646,9.4085
114.3,8.5692,23.063,9.4231
114.4,8.5768,23.0615,9.4375
114.5,8.5843,23.0589,9.452
114.6,8.5916,23.0528,9.4664
114.7,8.5991,23.0511,9.4812
114.8,8.6068,23.0545,9.4966
114.9,8.6143,23.0511,9.5113
115,8.6217,23.0454,9.5255
115.1,8.6293,23.0426,9.5395
115.2,8.6367,23.0409,9.5543
115.3,8.6442,23.0402,9.5679
115.4,8.6517,23.0356,9.5829
115.5,8.6591,23.0309,9.5983
115.6,8.6668,23.0325,9.613
115.7,8.6742,23.0265,9.6272
115.8,8.6815,23.0202,9.641
115.9,8.6891,23.0209,9.6555
116,8.6968,23.0206,9.6699
116.1,8.7043,23.0191,9.6851
116.2,8.7117,23.0128,9.7002
116.3,8.7192,23.0085,9.7148
116.4,8.7268,23.01,9.7291
116.5,8.7342,23.0068,9.7432
116.6,8.7416,23.0013,9.7575
116.7,8.7493,23.0009,9.773
116.8,8.7569,22.9987,9.788
116.9,8.7642,22.9941,9.8025
117,8.7716,22.9877,9.8168
117.1,8.7791,22.9851,9.8311
117.2,8.7868,22.9869,9.8456
117.3,8.7942,22.9811,9.8605
117.4,8.8016,22.9749,9.8755
117.5,8.8092,22.9747,9.8906
117.6,8.8168,22.9724,9.905
117.7,8.8242,22.9696,9.9188
117.8,8.8317,22.9653,9.9343
117.9,8.8392,22.9623,9.9486
118,8.8469,22.9632,9.9639
118.1,8.8543,22.9571,9.9794
118.2,8.8616,22.9504,9.9938
118.3,8.8692,22.9515,10.008
118.4,8.8768,22.949,10.0231
118.5,8.8842,22.9447,10.0374
118.6,8.8917,22.9386,10.0524
118.7,8.8992,22.9357,10.0684
118.8,8.9067,22.9347,10.0837
118.9,8.9141,22.9292,10.0987
119,8.9215,22.9248,10.1138
119.1,8.9293,22.9255,10.1289
119.2,8.9368,22.9223,10.1449
119.3,8.9442,22.9172,10.1609
119.4,8.9517,22.9121,10.1765
119.5,8.9592,22.9106,10.192
119.6,8.9668,22.9103,10.2068
119.7,8.9742,22.904,10.2215
119.8,8.9816,22.8973,10.2369
119.9,8.9893,22.8984,10.2524
120,8.9968,22.8933,10.2685
120.1,9.0042,22.8884,10.2838
120.2,9.0116,22.8823,10.2988
120.3,9.0192,22.8801,10.3133
120.4,9.0268,22.8778,10.3284
120.5,9.0341,22.8711,10.3435
120.6,9.0415,22.8664,10.359
120.7,9.0493,22.869,10.3745
120.8,9.0568,22.865,10.3896
120.9,9.0642,22.8591,10.4043
121,9.0717,22.8533,10.4188
121.1,9.0793,22.8522,10.434
121.2,9.0868,22.8494,10.4495
121.3,9.0942,22.8427,10.4647
121.4,9.1016,22.8361,10.48
121.5,9.1093,22.8379,10.4949
121.6,9.1168,22.8317,10.5092
121.7,9.1241,22.8248,10.5241
121.8,9.1316,22.8196,10.5393
121.9,9.1392,22.8204,10.5549
122,9.1467,22.8173,10.5706
122.1,9.1542,22.8096,10.5852
122.2,9.1616,22.8037,10.6002
122.3,9.1693,22.8063,10.6151
122.4,9.1768,22.8006,10.6308
122.5,9.1842,22.7948,10.6464
122.6,9.1917,22.7907,10.6619
122.7,9.1993,22.7886,10.6771
122.8,9.2068,22.784,10.6922
122.9,9.2141,22.7747,10.7068
123,9.2215,22.7687,10.7214
123.1,9.2293,22.772,10.7372
123.2,9.2368,22.7651,10.7534
123.3,9.2442,22.7577,10.7682
123.4,9.2517,22.7519,10.7833
123.5,9.2592,22.7508,10.7981
123.6,9.2667,22.7475,10.8138
123.7,9.2742,22.7411,10.829
123.8,9.2817,22.7347,10.8451
123.9,9.2894,22.7361,10.8603
124,9.2968,22.7283,10.8757
124.1,9.3042,22.7211,10.8905
124.2,9.3117,22.7173,10.9058
124.3,9.3193,22.7164,10.9213
124.4,9.3268,22.7107,10.9372
124.5,9.3342,22.7023,10.9531
124.6,9.3416,22.6951,10.9683
124.7,9.3493,22.6961,10.9833
124.8,9.3567,22.6889,10.9978
124.9,9.3641,22.6821,11.0135
125,9.3717,22.679,11.0293
125.1,9.3793,22.6764,11.0446
125.2,9.3867,22.6706,11.0602
125.3,9.3942,22.6632,11.0755
125.4,9.4016,22.658,11.09
125.5,9.4093,22.6594,11.1057
125.6,9.4168,22.6523,11.1214
125.7,9.4242,22.6436,11.1373
125.8,9.4317,22.639,11.1527
125.9,9.4392,22.6349,11.1681
126,9.4466,22.6285,11.1828
126.1,9.4541,22.6216,11.1981
126.2,9.4617,22.6174,11.2138
126.3,9.4693,22.6163,11.2298
126.4,9.4768,22.6069,11.2455
126.5,9.4841,22.5982,11.2609
126.6,9.4917,22.5961,11.2755
126.7,9.4993,22.5932,11.2909
126.8,9.5068,22.5875,11.306
126.9,9.5143,22.58,11.3218
127,9.5217,22.5732,11.337
127.1,9.5293,22.5724,11.3529
127.2,9.5367,22.5644,11.3675
127.3,9.5441,22.5563,11.3829
127.4,9.5518,22.5539,11.398
127.5,9.5593,22.5476,11.4135
127.6,9.5667,22.5387,11.4294
127.7,9.5741,22.5312,11.4442
127.8,9.5816,22.5274,11.4595
127.9,9.5892,22.5254,11.4746
128,9.5967,22.5171,11.4897
128.1,9.6042,22.5095,11.5056
128.2,9.6118,22.5071,11.5209
128.3,9.6192,22.501,11.5366
128.4,9.6267,22.4943,11.5516
128.5,9.6342,22.4874,11.5669
128.6,9.6417,22.4824,11.5818
128.7,9.6493,22.4791,11.597
128.8,9.6567,22.4695,11.6119
128.9,9.6641,22.4602,11.6281
129,9.6718,22.4591,11.6438
129.1,9.6793,22.4527,11.6588
129.2,9.6867,22.4435,11.6741
129.3,9.6942,22.4361,11.6888
129.4,9.7017,22.4305,11.7039
129.5,9.7092,22.4262,11.7201
129.6,9.7166,22.4177,11.736
129.7,9.7241,22.4107,11.7507
129.8,9.7319,22.4096,11.7665
129.9,9.7393,22.4018,11.7809
130,9.7467,22.3913,11.7966
130.1,9.7541,22.385,11.8117
130.2,9.7617,22.3821,11.8276
130.3,9.7692,22.3771,11.8433
130.4,9.7767,22.3673,11.8584
130.5,9.7842,22.3574,11.8731
130.6,9.7919,22.3546,11.8887
130.7,9.7992,22.3456,11.9044
130.8,9.8066,22.3369,11.9198
130.9,9.8141,22.3301,11.9355
131,9.8217,22.3263,11.9505
131.1,9.8293,22.3208,11.9658
131.2,9.8367,22.3106,11.9807
131.3,9.8441,22.3018,11.996
131.4,9.8518,22.301,12.0121
131.5,9.8593,22.2916,12.0278
131.6,9.8667,22.2827,12.0435
131.7,9.8743,22.2765,12.0588
131.8,9.8818,22.2708,12.0736
131.9,9.8891,22.2627,12.0889
132,9.8966,22.2541,12.1048
132.1,9.9041,22.2459,12.1207
132.2,9.9119,22.2424,12.1364
132.3,9.9192,22.2306,12.1516
132.4,9.9266,22.2225,12.1663
132.5,9.9342,22.2164,12.1816
132.6,9.9417,22.2106,12.1967
132.7,9.9492,22.2027,12.2131
132.8,9.9567,22.1946,12.2288
132.9,9.9643,22.1861,12.2441
133,9.9719,22.1821,12.2589
133.1,9.9792,22.1721,12.274
133.2,9.9866,22.1622,12.2889
133.3,9.9942,22.1561,12.3051
133.4,10.0018,22.15,12.3207
133.5,10.0092,22.1403,12.3366
133.6,10.0167,22.1305,12.3517
133.7,10.0241,22.1217,12.3666
133.8,10.0318,22.1182,12.3818
133.9,10.0391,22.1065,12.3969
134,10.0466,22.0978,12.4127
134.1,10.0543,22.0913,12.4292
134.2,10.0617,22.0837,12.4442
134.3,10.0691,22.0755,12.4581
134.4,10.0767,22.0682,12.4741
134.5,10.0842,22.0592,12.4891
134.6,10.0919,22.0548,12.505
134.7,10.0993,22.0419,12.5214
134.8,10.1067,22.0322,12.5367
134.9,10.1142,22.0258,12.5518
135,10.1217,22.018,12.5667
135.1,10.1291,22.0076,12.5818
135.2,10.1367,21.9982,12.5973
135.3,10.1442,21.989,12.613
135.4,10.1518,21.9823,12.6287
135.5,10.1591,21.9714,12.6436
135.6,10.1666,21.963,12.6588
135.7,10.1743,21.9575,12.6743
135.8,10.1818,21.9477,12.6897
135.9,10.1892,21.9359,12.7052
136,10.1967,21.9276,12.7211
136.1,10.2042,21.9207,12.7365
136.2,10.2118,21.9141,12.7515
136.3,10.2192,21.902,12.7665
136.4,10.2267,21.89,12.7825
136.5,10.2343,21.8828,12.7979
136.6,10.2416,21.871,12.8138
136.7,10.249,21.8617,12.8289
136.8,10.2566,21.8542,12.844
136.9,10.2643,21.8457,12.8592
137,10.2718,21.8369,12.8746
137.1,10.2792,21.8229,12.8903
137.2,10.2866,21.8126,12.9064
137.3,10.2943,21.8089,12.9221
137.4,10.3018,21.7989,12.9371
137.5,10.3092,21.7873,12.9521
137.6,10.3168,21.7784,12.9675
137.7,10.3244,21.7683,12.9834
137.8,10.3318,21.7593,12.9995
137.9,10.3391,21.7465,13.0151
138,10.3466,21.7357,13.0306
138.1,10.3543,21.7298,13.0459
138.2,10.3617,21.7176,13.061
138.3,10.3691,21.7046,13.0765
138.4,10.3766,21.6963,13.0927
138.5,10.3842,21.6884,13.109
138.6,10.3917,21.6783,13.1241
138.7,10.3992,21.6654,13.1392
138.8,10.4067,21.6546,13.155
138.9,10.4144,21.6471,13.1707
139,10.4217,21.635,13.1866
139.1,10.4291,21.6226,13.202
139.2,10.4367,21.6151,13.2179
139.3,10.4444,21.6054,13.2336
139.4,10.4518,21.5927,13.2488
139.5,10.4592,21.5775,13.2636
139.6,10.4666,21.5668,13.2801
139.7,10.4742,21.5604,13.2958
139.8,10.4817,21.5476,13.3112
139.9,10.4891,21.534,13.3266
140,10.4968,21.5252,13.3419
140.1,10.5043,21.5138,13.3578
140.2,10.5117,21.5027,13.3731
140.3,10.5191,21.4903,13.3889
140.4,10.5267,21.4799,13.4048
140.5,10.5343,21.4723,13.4201
140.6,10.5418,21.4587,13.4356
140.7,10.5491,21.4442,13.4511
140.8,10.5567,21.4346,13.4672
140.9,10.5642,21.4241,13.4832
141,10.5717,21.4111,13.4993
141.1,10.5792,21.3971,13.5142
141.2,10.5867,21.3854,13.5298
141.3,10.5943,21.3758,13.5451
141.4,10.6016,21.3606,13.5606
141.5,10.609,21.3475,13.5772
141.6,10.6167,21.34,13.5931
141.7,10.6243,21.3282,13.6084
141.8,10.6318,21.3142,13.6243
141.9,10.6392,21.2998,13.6392
142,10.6467,21.2887,13.6545
142.1,10.6543,21.2799,13.6709
142.2,10.6617,21.2642,13.6871
142.3,10.6691,21.2496,13.7025
142.4,10.6769,21.2408,13.7177
142.5,10.6843,21.2264,13.7329
142.6,10.6916,21.211,13.7488
142.7,10.6991,21.1966,13.7649
142.8,10.7067,21.1869,13.7814
142.9,10.7143,21.1748,13.7965
143,10.7217,21.1585,13.8118
143.1,10.7291,21.1433,13.8275
143.2,10.7368,21.1362,13.8428
143.3,10.7442,21.1224,13.8591
143.4,10.7517,21.1083,13.8757
143.5,10.7592,21.0929,13.8913
143.6,10.7669,21.081,13.9065
143.7,10.7744,21.0684,13.922
143.8,10.7816,21.0501,13.9376
143.9,10.789,21.0347,13.9533
144,10.7967,21.0267,13.9697
144.1,10.8043,21.0115,13.9855
144.2,10.8117,20.9953,14.0016
144.3,10.8192,20.9792,14.0165
144.4,10.8267,20.9671,14.0324
144.5,10.8342,20.955,14.048
144.6,10.8416,20.9376,14.0644
144.7,10.8491,20.9225,14.0807
144.8,10.8569,20.914,14.0959
144.9,10.8643,20.8976,14.1114
145,10.8717,20.8806,14.1271
145.1,10.8792,20.866,14.1434
145.2,10.8868,20.8531,14.1599
145.3,10.8943,20.8376,14.1762
145.4,10.9017,20.8183,14.1918
145.5,10.9091,20.8017,14.2075
145.6,10.9168,20.7922,14.2232
145.7,10.9242,20.7751,14.2393
145.8,10.9316,20.757,14.2556
145.9,10.9392,20.741,14.272
146,10.9468,20.7276,14.2878
146.1,10.9543,20.7126,14.3035
146.2,10.9616,20.6945,14.3192
146.3,10.9691,20.678,14.3356
146.4,10.9768,20.6684,14.352
146.5,10.9843,20.6494,14.3684
146.6,10.9917,20.6306,14.3842
146.7,10.9993,20.6146,14.4
146.8,11.0068,20.6002,14.4154
146.9,11.0142,20.5842,14.4317
147,11.0217,20.5643,14.4483
147.1,11.0291,20.5461,14.4657
147.2,11.0368,20.534,14.481
147.3,11.0442,20.5143,14.4965
147.4,11.0516,20.4947,14.5118
147.5,11.0592,20.4795,14.5288
147.6,11.0668,20.4642,14.5446
147.7,11.0743,20.4462,14.5613
147.8,11.0817,20.4263,14.5776
147.9,11.0891,20.4089,14.5931
148,11.0968,20.397,14.609
148.1,11.1042,20.3773,14.6248
148.2,11.1117,20.3574,14.6412
148.3,11.1193,20.3396,14.6584
148.4,11.1268,20.3216,14.675
148.5,11.1342,20.3027,14.6905
148.6,11.1416,20.2821,14.7065
148.7,11.1491,20.2637,14.7222
148.8,11.1568,20.2494,14.7386
148.9,11.1643,20.2273,14.7558
149,11.1717,20.2051,14.7714
149.1,11.1792,20.1883,14.7869
149.2,11.1867,20.1721,14.8031
149.3,11.1942,20.1527,14.819
149.4,11.2017,20.1324,14.8363
149.5,11.2092,20.1121,14.8529
149.6,11.2168,20.0957,14.8693
149.7,11.2242,20.0736,14.8849
149.8,11.2316,20.051,14.9007
149.9,11.2393,20.0346,14.9169
150,11.2468,20.014,14.9335
150.1,11.2542,19.9917,14.9499
150.2,11.2617,19.9688,14.9667
150.3,11.2692,19.9492,14.9825
150.4,11.2767,19.9313,14.9981
150.5,11.2842,19.9089,15.0141
150.6,11.2916,19.8862,15.0311
150.7,11.2993,19.8687,15.0484
150.8,11.3068,19.8472,15.0644
150.9,11.3142,19.8237,15.0804
151,11.3217,19.8023,15.0967
151.1,11.3292,19.7827,15.1126
151.2,11.3368,19.7626,15.1293
151.3,11.3443,19.7382,15.1463
151.4,11.3516,19.712,15.1632
151.5,11.3592,19.6922,15.1796
151.6,11.3666,19.67,15.195
151.7,11.3741,19.6456,15.2115
151.8,11.3817,19.6212,15.228
151.9,11.3892,19.5997,15.245
152,11.3967,19.5781,15.2616
152.1,11.4042,19.5521,15.2777
152.2,11.4116,19.528,15.2939
152.3,11.4194,19.5083,15.3104
152.4,11.4269,19.4834,15.3269
152.5,11.4343,19.4569,15.3441
152.6,11.4418,19.4314,15.3611
152.7,11.4492,19.4085,15.377
152.8,11.4567,19.3865,15.3924
152.9,11.4642,19.3589,15.4095
153,11.4717,19.3311,15.4263
153.1,11.4794,19.3095,15.4438
153.2,11.4867,19.282,15.46
153.3,11.4941,19.2544,15.4768
153.4,11.5016,19.2285,15.4926
153.5,11.5092,19.2043,15.5094
153.6,11.5168,19.1791,15.5261
153.7,11.5243,19.1506,15.5435
153.8,11.5317,19.1214,15.5607
153.9,11.5393,19.0995,15.5769
154,11.5467,19.0715,15.5935
154.1,11.5542,19.0428,15.6099
154.2,11.5618,19.0148,15.6268
154.3,11.5693,18.9872,15.6446
154.4,11.5767,18.9586,15.6614
154.5,11.5842,18.9278,15.6778
154.6,11.5916,18.8976,15.6946
154.7,11.5993,18.8725,15.7111
154.8,11.6067,18.8404,15.7283
154.9,11.6142,18.8094,15.7457
155,11.6217,18.7797,15.763
155.1,11.6292,18.7512,15.7797
155.2,11.6367,18.7221,15.7958
155.3,11.6442,18.6904,15.8128
155.4,11.6517,18.6569,15.8299
155.5,11.6594,18.6293,15.8476
155.6,11.6668,18.5967,15.8648
155.7,11.6742,18.5629,15.8815
155.8,11.6817,18.5314,15.898
155.9,11.6892,18.5001,15.9148
156,11.6967,18.4666,15.9318
156.1,11.7043,18.4316,15.9498
156.2,11.7117,18.3954,15.967
156.3,11.7192,18.3645,15.9843
156.4,11.7266,18.328,16.0005
156.5,11.7341,18.2936,16.0179
156.6,11.7418,18.26,16.0346
156.7,11.7493,18.2253,16.0522
156.8,11.7567,18.1892,16.0698
156.9,11.7642,18.1532,16.0873
157,11.7717,18.1162,16.1042
157.1,11.7793,18.0814,16.121
157.2,11.7868,18.0419,16.1382
157.3,11.7942,18.0019,16.1563
157.4,11.8018,17.9654,16.1743
157.5,11.8092,17.9269,16.1922
157.6,11.8166,17.8864,16.2089
157.7,11.8242,17.8464,16.2262
157.8,11.8317,17.8052,16.2437
157.9,11.8393,17.767,16.2612
158,11.8467,17.7227,16.2801
158.1,11.8541,17.6801,16.2983
158.2,11.8618,17.6403,16.3153
158.3,11.8693,17.5971,16.3332
158.4,11.8767,17.5522,16.3506
158.5,11.8843,17.5084,16.3687
158.6,11.8918,17.464,16.3873
158.7,11.8993,17.4206,16.4051
158.8,11.9067,17.3718,16.4227
158.9,11.9141,17.3232,16.4398
159,11.9218,17.2783,16.4573
159.1,11.9293,17.2285,16.4756
159.2,11.9366,17.1764,16.4955
159.3,11.9442,17.1265,16.5138
159.4,11.9518,17.0743,16.5327
159.5,11.9593,17.02,16.55
159.6,11.9668,16.9476,16.5691
159.651,11.9707,16.8096,16.5857
159.654,11.971,16.5602,16.6018
159.655,11.9711,16.3711,16.62
159.656,11.9711,16.1332,16.6452
159.657,11.9712,15.8549,16.6739
159.658,11.9713,15.542,16.7021
159.659,11.9714,15.1972,16.7286
159.66,11.9715,14.8227,16.7549
159.661,11.9715,14.4216,16.7828
159.662,11.9716,13.9982,16.8127
159.663,11.9717,13.5569,16.8447
159.664,11.9718,13.102,16.8778
159.665,11.972,12.6378,16.9104
159.666,11.9721,12.1669,16.9414
159.667,11.9722,11.6911,16.9708
159.668,11.9724,11.2118,16.9997
159.669,11.9725,10.7307,17.029
159.67,11.9727,10.2496,17.0587
159.671,11.9728,9.7702,17.088
159.672,11.973,9.2941,17.1161
159.673,11.9732,8.823,17.142
159.674,11.9734,8.3582,17.1648
159.675,11.9736,7.9009,17.184
159.676,11.9738,7.4523,17.2001
159.677,11.974,7.0133,17.214
159.678,11.9742,6.5848,17.2266
159.679,11.9744,6.1674,17.2385
159.68,11.9747,5.762,17.2494
159.681,11.9749,5.369,17.2591
159.682,11.9751,4.989,17.2676
159.683,11.9753,4.6231,17.2746
159.684,11.9756,4.2714,17.2804
159.685,11.9758,3.934,17.2848
159.686,11.976,3.6104,17.2877
159.687,11.9762,3.3005,17.2894
159.688,11.9765,3.0041,17.2905
159.689,11.9767,2.7211,17.2916
159.69,11.9769,2.4515,17.2929
159.691,11.9771,2.1952,17.2945
